"firstname","lastname","team","trueShooting","usage","assist","rebound","defensive","blocks"
"Merry","Milde","Burkina Faso","57.5","27.4","66.06","7.91","69.79","11.96"
"Minne","Aurelio","Turkmenistan","57.5","63.02","70.47","99.06","80.31","87.81"
"Merle","Shaver","Saudi Arabia","37.05","63.66","12.74","49.11","96.91","61.45"
"Britni","Gaynor","Nauru","69.1","53.73","74.69","7.79","79.87","60.51"
"Carmela","Firmin","Sudan","49","31.36","56.48","52.84","66.9","69.15"
"Melodie","Elsinore","Netherlands","55.34","68.31","62.55","20.15","45.11","31.94"
"Goldie","Salvidor","Norway","98.16","27.01","26.4","7.07","99.85","19.04"
"Dulcinea","Jacobah","Macedonia, The Former Yugoslav Republic of","10.12","29.32","94.67","56.39","54.82","92.73"
"Karlee","Cristi","Kenya","13.06","10.58","14.16","31.76","29.21","97.52"
"Emilia","Philipp","Bosnia and Herzegovina","42.7","98.01","33.69","21.87","6.17","77.17"
"Dominga","Grimbly","Lao People""S Democratic Republic","36.79","60.3","73.4","95.8","34.68","94.72"
"Eugine","Kunin","Comoros","5.12","58.65","46.46","93.23","5.57","54.37"
"Tersina","Stuart","Holy See (Vatican City State)","37.09","40.62","54.73","71.65","58.15","87.41"
"Frank","Helve","Equatorial Guinea","21.86","94.45","69.1","40.75","53.73","90.5"
"Pearline","Dorcy","Jersey","12.82","57.82","66.2","1.51","15.97","9.04"
"Regina","Hamil","Bahamas","67.85","32.62","36.06","18.68","63.61","82.86"
"Justinn","Bearnard","Liechtenstein","31.53","35.46","25.2","61.25","39.18","91.36"
"Farrah","McCutcheon","Turkmenistan","24.7","30.95","64.03","41.27","51.73","31.72"
"Brietta","Gualtiero","Liberia","16.76","17.62","98.73","32.75","55.5","44.17"
"Sindee","Tamsky","Qatar","99.74","21.54","34.57","32.78","69.02","25.67"
"Flo","Orelee","Finland","59.82","15.82","57.1","6.91","24.68","47.75"
"Lorie","Old","Paraguay","100.85","28.08","28.01","78.39","5.19","37.61"
"Brianna","Ochs","Kyrgyzstan","97.08","90.09","7.37","7.6","20.05","100.14"
"Fredericka","Tryck","Micronesia, Federated States of","100.2","58.49","26.8","63.77","14.02","58.07"
"Chere","Tomasina","Sao Tome and Principe","86.83","34.24","74.52","81.61","15.13","93.52"
"Fanny","Lalitta","Bosnia and Herzegovina","26.02","10.8","87.51","86.56","87.21","86.62"
"Tatiania","Valoniah","Turkey","48.39","66.99","59.89","11.74","75.55","19.92"
"Christian","Juliet","Palau","23.12","14.03","50.81","3.44","60.36","45.74"
"Correy","Quinn","Seychelles","76.43","39.22","47.38","20.48","33.38","42.13"
"Joelly","Bow","Equatorial Guinea","64.54","84.71","93.57","26.64","29.74","84.7"
"Ekaterina","Smitt","Turkey","52.8","61.67","18.09","58.69","56.1","32.65"
"Danika","Sikorski","Suriname","63.65","61.91","49.61","6.93","22.3","4.26"
"Konstance","Loeb","Montserrat","86.01","50.72","79.76","30.27","35.83","26.46"
"Brooks","Soneson","Nigeria","3.78","12.11","63.01","27.44","49.92","27.55"
"Marline","Podvin","Ireland","56.29","79.77","18.4","61.15","81.95","31.58"
"Corene","Lynn","Guinea","27.71","5.79","14.08","85.29","28.78","81.67"
"Kassey","Yerkovich","Ukraine","50.4","58.78","21.11","58.24","42.47","88.87"
"Wendi","Audly","Aruba","48.06","51.16","93.84","9.92","79.15","77.2"
"Gilda","Koehler","Western Sahara","84.96","53.43","47.85","74.72","83.88","20.53"
"Louella","Leffen","Senegal","78.89","71.04","15.77","91.22","14.72","34.9"
"Joceline","Gemini","Belgium","33.19","45.23","63.6","96.66","6.88","66.98"
"Elvira","Gilmour","Germany","89.54","79","6.24","88.89","74.34","48.89"
"Barbara","Zina","Germany","36.11","16.48","53.75","87.25","48.35","35.3"
"Elka","Cherianne","Northern Mariana Islands","11.04","91.2","52.47","87.1","13.83","21.41"
"Tani","Lalitta","Swaziland","84.84","88.66","50.29","26.33","7.07","100.37"
"Carol-Jean","Remmer","Algeria","6.86","53.61","50.15","47.4","59.16","96.45"
"Marti","Ietta","Cayman Islands","13.01","29.94","49.21","83.13","46.16","35.4"
"Shaylyn","Pillsbury","Turkmenistan","24.25","66.44","31.54","59","57.66","18.78"
"Leontine","Lalitta","Djibouti","39.1","86.08","49.06","14.24","82.79","84.4"
"Kathi","Raychel","Denmark","76.95","82.17","74.7","59.95","7.71","30.37"
"Heddie","Rozanna","China","66.15","25.1","72.05","76.19","31.21","93.12"
"Lilith","Bonucci","Wallis and Futuna","52.6","49.11","51.12","54.42","55.27","21.99"
"Dulcinea","Sikorski","Jamaica","91.72","91.14","94.43","25.91","100.39","17.77"
"Riannon","Radu","Somalia","44.34","18.66","43.97","40.84","81.03","6.86"
"Sophia","Tybald","United Arab Emirates","8.18","48.29","82.6","54.42","46.33","2.44"
"Paola","Persse","Kyrgyzstan","84.58","34.9","99.11","11.71","76.5","35.65"
"Pierette","Hanshaw","Greece","76.83","45.89","72.07","18.96","61.1","86.41"
"Shandie","Kamaria","Liberia","1.84","41.94","65.59","59.92","90.71","17.07"
"Lizzie","Mandler","Kazakhstan","69.87","91.45","84.06","95.64","40.15","14"
"Willetta","Sholley","Viet Nam","49.91","2.97","28.6","7.41","67","92.05"
"Raf","Merna","Singapore","10.71","100.33","87.05","64.79","51.4","30.87"
"Donnie","Pillsbury","Hungary","70.9","63.84","5.35","35.11","46.7","4.05"
"Nikki","Croix","Italy","9.9","32.07","70.19","26.37","64.88","84.21"
"Noelle","Mathilde","Slovenia","21.63","76.43","77.68","65.19","55.3","46.68"
"Grier","Seagraves","United States Minor Outlying Islands","87.26","7.02","4","18.45","82.58","31.8"
"Fredericka","Simmonds","Romania","39.53","16.92","70.11","27.77","34.6","40.95"
"Livvyy","Chaing","Brunei Darussalam","44.42","11.81","47.68","34.4","10.5","30.79"
"Valeda","Revkah","Kuwait","4.12","74.77","9.35","14.21","62.75","82.58"
"Ronna","Auberbach","Libyan Arab Jamahiriya","78.21","25.85","85.98","34.84","94.4","76.03"
"Marika","Ledah","Mali","43.95","58.67","91.85","40.7","72.62","85.43"
"Madalyn","Tannie","Russian Federation","1.6","18.63","99.32","28.66","67.08","25.05"
"Ashlee","Docilla","Timor-Leste","25.83","39.25","93.21","52.21","24.34","55.08"
"Fayre","Alva","Germany","51.71","34.2","6.85","37.86","20.71","38.95"
"Tomasina","Raseda","Mozambique","73.85","74.93","90.24","13.34","13.02","56.56"
"Tersina","Sherrie","Burkina Faso","25.46","53.52","74.92","99.68","80.38","58.99"
"Georgetta","Kevon","Macao","79.31","55.92","17.71","1.29","87.05","51.58"
"Natka","Loeb","Ecuador","74.93","69.66","42.53","69.28","21.16","51.46"
"Chandra","Monaco","Puerto Rico","78.85","38.84","12.38","33.47","6.96","25.29"
"Genevra","Chrystel","Albania","21.24","89.26","92.96","76.73","45.43","75.73"
"Daune","Hailee","Slovenia","78.12","33.03","7.08","79.08","91.28","1"
"Lynde","Macey","Burundi","80.16","98.48","98.65","53.74","73.32","1.52"
"Minne","Lasley","Malaysia","47.6","76.38","67.04","55.96","5.67","50.34"
"Celisse","Linehan","United Kingdom","7.79","59.78","55.85","95.77","95.97","5.06"
"Cathyleen","Sallyann","Estonia","41.95","62.02","58.84","36.8","44.77","29.72"
"Tiffie","Montgomery","Holy See (Vatican City State)","54.1","66.79","44.85","48.8","40.7","41.6"
"Roz","Aprile","Equatorial Guinea","50.45","1.71","75.27","18.88","58.2","53.65"
"Fayre","Shama","Central African Republic","41.21","96.66","80.44","33.61","37.45","19.31"
"Phedra","Suzetta","India","12.56","95.08","60.96","15.26","68.82","30.07"
"Livvyy","Ilka","Heard Island and Mcdonald Islands","19.32","28.74","42.32","20.04","56.89","61.21"
"Blinni","Si","Saint Helena","6.32","76.83","62.63","91.93","82.52","68.02"
"Danika","Amethist","Equatorial Guinea","62.19","45.63","70.24","37.31","67.78","44.54"
"Sissy","Truc","Panama","84.28","50.62","8.86","66.59","48.93","81.59"
"Marika","Ailyn","Azerbaijan","31.28","64.49","34.32","40.37","63.75","9.94"
"Damaris","Nicoline","Colombia","69.84","88.71","79.49","70.25","28.49","53.14"
"Rosabelle","Kunin","French Southern Territories","34.5","82.75","15.92","36.24","75.18","9.98"
"Cissiee","Swigart","Libyan Arab Jamahiriya","77.62","18.09","12.13","60.52","38.95","2.48"
"Kaia","Arne","Korea, Democratic People""S Republic of","21.68","58.36","12.66","71.89","80.47","9.12"
"Marika","Arne","Mauritania","26.81","98.37","96.16","2.72","1.24","41.34"
"Louella","Adore","Morocco","5.81","85.81","10.24","2.43","6.81","38.65"
"Darci","Edvard","Marshall Islands","71.88","24.19","54.6","45.51","52.94","30.8"
"Aeriela","Zuzana","American Samoa","45.36","35.94","21.37","32.69","48.32","59.22"
"Brynna","Ardeha","Liberia","14.07","34.3","74.41","40.07","35.35","82.06"
"Rhoda","Dielu","Wallis and Futuna","14.85","25.96","100.2","24.94","94.33","94.61"
"Oona","Fitzsimmons","Colombia","36.79","39.48","70.34","43.84","71.36","70.04"
"Aimil","Carbo","United Kingdom","41.5","49.62","63.62","89.61","93.33","33.73"
"Siana","Tippets","Hungary","50.5","94.39","98.3","26.48","42.17","36.73"
"Carly","Urania","Gabon","25.59","48.99","87.06","53.64","50","98.82"
"Tori","Carlson","Guinea","58.08","73.83","16.71","69.65","19.32","20.06"
"Clementine","Juan","Czech Republic","57.1","30.41","26.33","36.04","80.59","8.29"
"Dione","Ball","Ethiopia","62.7","10.71","14.18","96.54","32.94","36.21"
"Sonni","Vilma","Norfolk Island","63.2","39.48","84.71","24.68","62.73","68.39"
"Layla","Parsaye","Ukraine","51.4","24.08","3.71","14.67","93.94","58.86"
"Rani","Carri","Virgin Islands, British","56.33","49.89","73.73","73.14","55.62","31.95"
"Feliza","Hourigan","Lebanon","29.1","34.05","75.55","59.84","68.24","22.98"
"Danny","Bivins","Colombia","9.07","11.08","31.78","42.26","56.96","36.34"
"Marylou","Kendrick","Greece","65.86","71.09","35.24","83.5","63.61","60.62"
"Lita","Stefa","Marshall Islands","12.39","64.24","79.06","43.9","27.22","69.72"
"Sue","Old","Kuwait","97.2","31.09","56.73","99.48","84.16","65.89"
"Alameda","Llovera","Croatia","99.64","52.52","16.94","21.73","64.63","87.1"
"Annaliese","Stanwood","Cambodia","62.08","81.77","42.58","46.55","47.86","5.4"
"Brynna","Quinn","Guyana","10","66.66","9.84","28.62","88.2","5.89"
"Wanda","Emerson","Papua New Guinea","57.35","87.41","49.6","16.14","22.5","4.91"
"Alia","Constancy","Turkmenistan","58.94","94.98","80.44","1.41","32.51","32.83"
"Gretal","Dielu","Wallis and Futuna","93.36","99.79","89.83","8.61","34.3","79.65"
"Norine","Loeb","United Arab Emirates","1.73","34.74","70.22","51.56","69.02","77.61"
"Amara","Bettine","Namibia","11.56","3.45","62.16","13.31","15.89","18.8"
"Luci","Lilas","New Caledonia","78.22","65.05","81.17","66.79","91.06","69.79"
"Marnia","Talia","Morocco","50.95","9.66","97.58","70.3","95.2","21.27"
"Jacquetta","Chinua","Trinidad and Tobago","34.04","81.2","1.02","90.68","20.82","97.1"
"Aurore","Torray","Hong Kong","73.48","97.04","13.04","42.8","12.69","52.57"
"Mireielle","Armanda","Djibouti","91.77","12.37","45.38","74.65","100.52","1.48"
"Sara-Ann","Sabella","Mauritania","95.25","75.48","72.54","5.86","26.69","24.85"
"Shauna","Hanshaw","Saint Kitts and Nevis","21.36","86.74","55.84","41.8","50.81","97.65"
"Diena","Woodberry","Ireland","65.27","54.41","78.18","55.65","87.78","41"
"Misha","Fosque","Faroe Islands","32.46","21.91","38.16","1.68","43.34","2.46"
"Lanae","Briney","Kenya","4.05","53.3","21.96","46.43","29.36","92.38"
"Fredericka","Tound","Saint Pierre and Miquelon","78.15","76.66","50.66","47.6","95.19","81.51"
"Kamilah","Poppy","Virgin Islands, British","69.61","90.03","65.95","95.63","34.27","44.98"
"Marnia","Brady","Colombia","69.98","80.34","6.84","53.87","94.8","85.89"
"Veda","Iiette","Poland","34.32","22.46","78.1","81.33","30.03","56.22"
"Gerianna","Kelula","Tajikistan","57.28","53.53","82.85","26.62","2.13","20.94"
"Blinni","Frendel","Cook Islands","51.26","77.12","98.61","2.37","87.82","55.65"
"Cacilie","Evangelia","Italy","47.76","29.2","45.73","97.76","47.84","36.95"
"Genevra","Niles","Holy See (Vatican City State)","51.28","98.81","40.16","49.69","94.42","99.41"
"Mildrid","Jorgan","France","1.6","21.78","54.92","68.93","80.22","55.24"
"Mallory","Dorothy","Viet Nam","6.14","39.88","80.81","71.76","4.31","88.87"
"Jean","Hull","Saint Kitts and Nevis","49.89","37.71","7.87","41.17","47.15","7.98"
"Regina","Terencio","Paraguay","78.74","81.77","92.53","64.36","98.7","76.75"
"Karlee","Haerr","Antarctica","40.21","82.92","80.63","96.02","46.67","33.25"
"Amelia","Bigner","Australia","13.89","85.07","60.05","12.57","35.01","67.85"
"Minne","Dannye","Sao Tome and Principe","30.71","61.91","43.01","27.16","82.19","31.07"
"Jorry","Mathilde","Nepal","56.95","25.5","74.73","89.42","13.14","59.49"
"Dari","Brunell","French Guiana","5.3","14.62","50.92","37.59","7.62","69.83"
"Raf","Ashely","Suriname","7.71","30.38","60.87","13.98","43.55","66.05"
"Genovera","Cullin","Iraq","60.53","24.21","94.79","38.8","7.09","52.66"
"Madeleine","Monk","Samoa","78.99","56.66","27.6","37.93","44.71","84.56"
"Clementine","Blisse","Peru","31.93","57.29","92.53","69.89","51.36","9.35"
"Queenie","Swigart","Uruguay","85.77","86.8","14.35","25.31","9.94","79.63"
"Alie","Trace","Namibia","43.72","3.35","68.69","49.26","90.61","69.42"
"Layla","Goth","Timor-Leste","35.96","6.95","79.85","88.17","91.61","34.71"
"Hollie","Lucienne","French Southern Territories","32.13","5.12","13.07","15.86","30.12","65.13"
"Linet","Leffen","Mexico","20.29","69.05","22.95","17.38","24.14","88.37"
"Stacey","Herrera","Algeria","74.62","20.01","42.6","43.54","90.26","95.67"
"Justinn","Niles","Georgia","58.17","20.76","55.43","87.21","95.38","8.89"
"Ursulina","Cynar","Oman","53.85","23.74","42.59","50.79","68.78","65.85"
"Sean","Whiffen","Bosnia and Herzegovina","100.8","53.13","46.78","59.22","57.99","89.94"
"Edyth","Guildroy","Guinea","7.97","47.56","16.45","94.8","25.92","79.41"
"Jessy","Dituri","Czech Republic","86.52","51.47","28.82","7.21","59.47","18.92"
"Anica","Shelba","Puerto Rico","74.11","22.18","96.72","85.72","39.87","24.7"
"Sibella","Adore","Guadeloupe","67.11","33.16","20.86","11.78","19.9","21.2"
"Ekaterina","Chabot","Haiti","56.23","88.32","27.95","1.41","34.04","36.37"
"Kary","Zamora","Reunion","63.96","89.6","51.62","46.21","83.44","100.37"
"Glynnis","Brian","United States","54.15","34.98","43.08","49.87","20.37","21.91"
"Carree","Stephie","Maldives","90.81","81.72","33.54","3.57","58.59","65.47"
"Antonietta","Rooney","Greece","37.7","8.59","51.76","20.73","38.5","29.64"
"Fanny","Caitlin","Tajikistan","11.41","98.75","84.01","97.69","79.13","9.16"
"Jemie","Helve","Ecuador","73.48","92.13","53.56","86.79","88.43","51.96"
"Roslyn","Howlyn","Syrian Arab Republic","14.71","14.64","8.82","17.7","57.55","7.02"
"Sam","Jacinda","Cape Verde","45.73","47.6","47.81","43.69","57.87","39.48"
"Edyth","Whittaker","Turks and Caicos Islands","48.74","24.55","45.32","46.64","68.88","20.33"
"Dacia","Annabella","Hong Kong","88.68","51.54","4.26","50.77","51.24","55.28"
"Basia","Armanda","Oman","8.75","1.81","81.32","97.55","29.57","72.35"
"Dennie","Salvidor","Barbados","55.56","10.09","20.4","94.57","86.47","69.76"
"Gianina","Klemperer","Pakistan","9.43","58.07","14.06","29.22","77.67","43.33"
"Sibella","Darian","Montserrat","77.49","14.36","29","69.5","67.47","67.6"
"Dennie","Anyah","Libyan Arab Jamahiriya","29.74","92.84","76.25","68","32.9","86.93"
"Florencia","Fink","Tunisia","13.52","74.58","82.14","63.68","22.26","39.54"
"Vere","Phaidra","Italy","66.36","66.64","30.65","24.68","21.74","74.85"
"Theodora","Timon","Honduras","52.94","55.92","67.84","40.92","5.3","84.03"
"Demetris","Harl","Martinique","8.5","31.78","58.27","7.14","31.67","43.79"
"Jessamyn","Westphal","Tokelau","52.66","6.98","61.03","25.5","28.99","7.74"
"Leia","Whittaker","Christmas Island","23.74","48.63","70.17","83.86","76.92","69.6"
"Steffane","Lattie","Faroe Islands","57.37","47.79","68.15","5.27","91.98","69.89"
"Mariann","Lattie","Albania","3.52","36.27","34.73","68.37","94.35","76.54"
"Orelia","Si","Bahamas","12.9","84.58","47.96","94.37","37.35","83.12"
"Taffy","Dudley","New Zealand","85.26","7.5","93.48","90.7","62.9","78.64"
"Genovera","Allare","Chad","91.87","76.49","19.12","22.41","54","87.22"
"Kaia","Verger","Cocos (Keeling) Islands","47.12","61.87","8.87","94.7","99.67","80.49"
"Nataline","Lea","Peru","82.28","8.02","66.65","6.98","27.92","82.55"
"Maryellen","Maxi","Pitcairn","57.79","65.07","25.64","35.71","26.16","51.15"
"Annecorinne","Kellby","South Africa","19.95","16.74","60.5","66.41","84.65","4.99"
"Margarette","Junie","Thailand","71.89","64.96","67.7","47.67","82.06","11.92"
"Katleen","Thad","Bosnia and Herzegovina","28.18","23.75","70.55","7.48","3.49","30.26"
"Fidelia","Sadowski","Croatia","29.98","29.73","16.13","54.5","55.35","75.89"
"Jeanna","Clarissa","Uruguay","63.15","50.3","46.68","25.98","58.88","22.24"
"Belinda","Shaver","Brazil","7.44","6.46","12.51","83.26","40.03","88.77"
"Karolina","Delp","American Samoa","44.25","45.17","39.84","56.16","48.21","33.99"
"Anthia","Hurley","Jordan","92.9","7.18","44.9","38.89","66.91","81.79"
"Cindelyn","Rona","Senegal","37.4","45.47","91.43","33.02","3.23","82.02"
"Malina","Sheng","Latvia","93.98","54.71","46.71","48.02","31.33","76.62"
"Lyssa","Ackerley","Cambodia","4.53","89.03","68.78","11.5","45.17","99.31"
"Kayla","Suzetta","Saint Kitts and Nevis","90.23","26.29","63.35","45.28","11.23","61.37"
"Emilia","Sprage","Papua New Guinea","92.61","36.5","51.22","93.13","58.26","40.57"
"Daryl","Reneta","Tunisia","90.59","1.4","67.29","65.61","53.3","100.4"
"Sindee","Tacye","Romania","83.43","15.17","69.64","71.24","100.85","48.67"
"Larine","Grayce","Korea, Republic of","52.78","38.54","65.7","32.77","60.42","48.21"
"Doro","Cressida","San Marino","19.97","2.4","12.8","3.11","98.87","71.13"
"Raina","Hourigan","Reunion","77.7","91.79","4.79","6.03","54.65","67.04"
"Angela","Neva","Uzbekistan","12.63","43.2","51.82","7.8","76.21","23.01"
"Luci","Hedve","Canada","100.07","34.89","4","96.69","41.84","67.04"
"Zondra","Friede","United States Minor Outlying Islands","43.37","83.39","29.87","1.97","83.37","49.9"
"Karina","Kendrick","Faroe Islands","93.13","6.53","26.03","69.6","39.23","44.41"
"Devina","Christine","Saint Vincent and the Grenadines","85.79","51.62","48.16","58.92","69.51","77.6"
"Maurene","Stevy","Saint Lucia","71.81","77.45","89.36","41.01","20.71","23.08"
"Cassandra","Muriel","Georgia","51.84","75.92","60.35","21.11","8.62","25.95"
"Brianna","Bates","Estonia","54.21","97.32","35.96","5.97","96.91","60.93"
"Genovera","Roumell","Guernsey","7.57","10.37","49.7","24.19","37.19","82.04"
"Kimmy","Paton","Cuba","17.01","71.53","79.06","56.1","24.87","81.83"
"Vanessa","Erminia","Canada","3.96","58.97","49.88","22.62","61.88","31.07"
"Basia","Leifeste","Jordan","93.9","37.25","22.41","12.89","21","75.04"
"Christy","Tound","Sudan","40.32","26.21","39.32","61.89","27.35","55.32"
"Bertine","Tremayne","Saint Vincent and the Grenadines","36.83","13.66","42.8","33.17","33.56","51.82"
"Alyssa","Grobe","Falkland Islands (Malvinas)","15.6","48.62","57.68","87.52","73.84","7.07"
"Rosanne","Cavan","Ecuador","67.04","52.36","71.63","44.06","98.01","2.38"
"Joleen","Hutchison","Madagascar","5.72","97.11","45.12","85.18","47.68","5.35"
"Mara","Florina","Turks and Caicos Islands","71.79","96.98","47.12","22.49","84.98","64.98"
"Demetris","Rosemary","Russian Federation","96.38","81.61","99.26","43.14","53.13","17.64"
"Ottilie","Gualtiero","Western Sahara","2.2","67.33","61.47","31.51","95.14","76.79"
"Rani","Erb","Canada","83.14","30.93","72.74","55.65","49.53","93.67"
"Ivett","Damarra","Turks and Caicos Islands","96.33","11.46","76.24","52.9","66.52","11.71"
"Jsandye","Rubie","Lao People""S Democratic Republic","92.12","69.22","75.47","5.73","44.89","28.73"
"Marguerite","Maurine","China","8.48","9.75","84.33","29.73","34.74","7.31"
"Alyda","Koehler","Holy See (Vatican City State)","17.19","22.46","52.39","54.09","13.59","2.07"
"Justinn","Lenny","Uganda","73.06","7.98","64.5","40.96","43.13","10.95"
"Jaclyn","Manolo","Malawi","77.84","6.95","64.37","55.89","51.03","18.36"
"Minda","Palocz","Hong Kong","58.7","23.36","68.52","29.84","20.89","19.56"
"Karina","Anton","Grenada","43.99","78.41","25.05","44.22","19.27","35.99"
"Joelly","Durante","Lebanon","60.69","19.5","22.31","48.76","61.31","36.66"
"Gavrielle","Niles","Belize","29.08","14.49","55.83","59.68","37.76","28.79"
"Paule","McNully","Tunisia","63.62","65.59","60.35","70.95","98.75","68.35"
"Lyssa","Macey","Cook Islands","28.51","57.2","50.88","73.93","69.09","69.14"
"Ashlee","Greyson","Norway","6.7","22.98","81.37","16.64","56.74","48.62"
"Ayn","Dannye","Czech Republic","4.4","29.84","44.17","4.39","60.04","7.51"
"Julieta","Daveta","Cocos (Keeling) Islands","77.66","72.81","73.57","36.49","26.35","23.92"
"Elsie","Decato","Afghanistan","30.17","65.49","41.82","70.5","79.15","82.35"
"Viki","Jillane","San Marino","74.47","34.91","36.21","14.97","52.65","44.49"
"Korrie","Annabella","Kuwait","8.82","1.54","37.56","99.36","50.01","28.24"
"Adele","Eno","China","89.97","62.05","18.55","97.02","91.28","3.72"
"Darlleen","Odell","Burkina Faso","57.53","18.64","64.78","34","42.64","30.34"
"Jacquetta","Marijo","Egypt","55.3","44.35","17.34","91.33","40.87","81.67"
"Tiffie","Zrike","Papua New Guinea","91.46","77.14","73.28","43.66","34.74","39.4"
"Priscilla","Ruvolo","China","77.76","47.73","81.51","34.84","55.2","100.08"
"Mady","Tillford","Jamaica","61.32","63.98","57.45","32.06","54.54","56.55"
"Christal","Moina","Armenia","75.27","22.87","80.73","77.7","92.4","60.61"
"Marylou","Grayce","Seychelles","9.4","12.1","92.36","96.21","82.26","54.24"
"Pollyanna","Auberbach","Seychelles","4.1","72.86","98.36","69.92","65.67","89.53"
"Estell","Secrest","Fiji","28.76","69.27","62.65","6.66","64.45","86.5"
"Corly","Eliathas","Cameroon","15.56","82.99","100.62","81.71","82.29","54.24"
"Hildegaard","Hazlett","Papua New Guinea","46.07","64.82","39.59","35.95","3.95","32.64"
"Tatiania","Trace","Bermuda","81.51","91.39","61.08","78.02","72.98","70.92"
"Ingrid","Louanna","Kazakhstan","19.77","3.81","90.26","2.08","90.82","60.83"
"Elfreda","Alcott","Thailand","45.42","93.27","78","83.94","94.24","78.12"
"Carmela","Rossner","Poland","37.22","40.45","99.12","61.95","29.45","95.67"
"Brietta","Flita","Malawi","49.8","47.41","93.88","4.86","11.55","73.77"
"Beverley","Bronk","Mayotte","28.78","96.68","61.94","6.77","75.65","44.74"
"Amara","Zetta","South Georgia and the South Sandwich Islands","38.12","65.47","6.36","58.17","23.72","56.52"
"Morganica","Capello","Venezuela","72.72","64.7","19.06","10.75","6.29","74.21"
"Rosabelle","Secrest","Nepal","68.83","7.69","6.16","78.52","73.49","35.11"
"Aaren","Yate","Viet Nam","86.31","10.32","83.98","9.35","23.25","22.75"
"Raina","Flita","Guinea","73.9","93.89","51.46","91.24","46.12","20.38"
"Dorene","Capello","Palau","36.65","6.24","88.58","39.73","18.69","99.05"
"Teddie","Sabella","Netherlands","78.37","19.83","60.26","24.47","50.6","76.99"
"Ermengarde","Thema","Australia","55.49","62.89","49.47","92.66","48.52","65.37"
"Claudina","O'Rourke","Maldives","76.63","60.84","72.97","85.84","90.36","9.14"
"Andeee","Shields","New Zealand","44.13","44.75","92.31","70.05","38.68","78.45"
"Caryl","Fitzsimmons","United Arab Emirates","70.44","57.88","3.87","35.03","47.39","24.85"
"Gwyneth","Felecia","Tonga","73.57","97.58","54.58","78.53","3.58","71.33"
"Aigneis","Roarke","Honduras","69.39","51.2","90.43","80.2","80.93","60.05"
"Paola","Germann","Mozambique","57.76","89.07","2.31","94.43","40.86","39.11"
"Mallory","Breed","Greece","55.41","71.07","55.92","53.06","77.35","78.72"
"Joane","Revkah","Bosnia and Herzegovina","12.53","37.79","68.99","90.59","30.95","53.7"
"Helsa","Lissi","Argentina","78.47","79.94","23.06","16.27","60.15","70.71"
"Rhoda","Pernick","Macedonia, The Former Yugoslav Republic of","73.6","26.48","24.33","7.01","9.5","99.03"
"Bibby","Halsey","Lithuania","51.74","1.63","80.84","43.23","77.96","51.05"
"Rosaline","Barrus","Uganda","45.44","19.25","64.06","8.21","48.39","91.48"
"Dode","Earlie","Romania","56.31","50.9","79.99","63.12","71.13","48.04"
"Bee","Herrera","Western Sahara","89","38.45","31.09","65.95","23.21","28.28"
"Vinita","Karna","Thailand","90.88","82.41","95.27","35.71","90.44","96.57"
"Melisent","Jalbert","Georgia","23.25","22.4","88.43","9.16","89.25","60.24"
"Chickie","Pitt","Malaysia","72.08","52.26","47.3","17.07","79.86","73.46"
"Tani","Aurelio","Saint Lucia","67.29","55.54","32.19","37.62","84.63","15.16"
"Emylee","Edmund","Costa Rica","61.71","31.55","13.44","15.47","74.64","25.54"
"Tressa","Sidonius","Albania","17.74","33.71","62.74","54.91","57.96","56.44"
"Fanchon","Maiah","Monaco","88.4","17.27","58.25","42.68","82.03","77.92"
"Jacenta","Merriott","Sri Lanka","56.23","45.06","47.22","57.83","8.38","78.73"
"Bernie","Atonsah","Israel","50.39","60.88","96.06","41.57","81.44","47.15"
"Carly","Hilbert","Marshall Islands","98.16","40.6","71.52","76.1","83.4","89.38"
"Krystle","Federica","Central African Republic","22.81","39.23","9.6","92.57","43.54","33.96"
"Magdalena","Alabaster","Suriname","49.25","24.62","91.69","1.85","46.09","13.08"
"Trudie","Gaulin","Åland Islands","49.8","17.28","20.34","6.14","95.15","11.79"
"Helsa","Abernon","Japan","10.41","53.82","98.47","65.48","8.4","90.25"
"Lisette","Carleen","Falkland Islands (Malvinas)","92.03","6.26","65.06","51.61","62.56","67.18"
"Kylynn","Craggie","Belgium","37.13","67.82","76","33.76","85.21","26.59"
"Cecile","Malvino","Congo","9.15","25.85","20.17","8.86","90.33","97.3"
"Lesly","Raama","Cyprus","70.49","17.26","36.26","41.24","29.88","83"
"Cristabel","Abbot","Qatar","81.47","28.4","51.08","25.62","71.26","59.51"
"Addia","Geffner","South Georgia and the South Sandwich Islands","41.67","91.51","99.24","75.06","54.07","73.73"
"Adore","Nedrud","Heard Island and Mcdonald Islands","88.88","27.1","79.95","67.7","16.78","67.94"
"Beth","Aldric","Guernsey","33.32","41.93","46.69","37.72","44.09","36.52"
"Alex","Jerold","Bermuda","62.26","57.46","97.79","92.7","30.64","26.16"
"Meriel","Faust","Benin","87.99","10.48","59.23","29.12","14","45.04"
"Heddie","Means","French Polynesia","69.1","57.66","87.34","44.5","88.96","82.31"
"Arlina","Wenda","Saint Helena","10.08","54.04","56.3","44.43","13.1","14.3"
"Sandie","Dosia","Pitcairn","54.51","98.07","33.15","86.08","91.59","16.17"
"Stevana","Forrer","Liberia","27.38","99.1","28.82","100.47","83.48","61.88"
"Teddie","Ellerey","Lesotho","100.05","85.29","33.26","8.91","37.96","72.76"
"Mariele","Fleeta","Trinidad and Tobago","87.41","60.68","34.38","53.53","4.21","55.26"
"Charlena","Sholley","Cote D""Ivoire","100.56","81.2","52.17","73.34","87.19","47.61"
"Kristina","Carri","Grenada","35.96","12.01","72.87","33.89","66.06","8.87"
"Raquela","Elephus","Iran, Islamic Republic Of","1.38","51.42","99.32","46.43","14.53","42.48"
"Madeleine","Byrne","New Caledonia","94.71","3.99","27.14","89.93","44.94","54.38"
"Fredericka","Schonfeld","Canada","81.22","70.1","13.91","41.29","74.02","5.97"
"Betta","Maroney","Czech Republic","90.42","80.64","1.65","22.51","55.19","26.63"
"Ninnetta","Janith","China","55.01","13.79","39.81","21.08","1.78","16.7"
"Ariela","Margret","Eritrea","22.59","92.14","73","72.41","70.27","33.29"
"Tilly","Hermes","Guernsey","13.25","35.78","56.51","25.9","60.17","95.23"
"Carly","Caitlin","Svalbard and Jan Mayen","73.69","92.02","26.18","81.63","28.38","99.51"
"Lucille","Woodberry","Syrian Arab Republic","27.52","100.25","76.1","69.5","79.54","45.57"
"Olivette","Solitta","Madagascar","74.14","88.74","1.38","59.25","68.25","8.48"
"Jackie","Waldron","Samoa","33.91","10.39","43.9","39.28","69.67","52.98"
"Ayn","Alejoa","Serbia and Montenegro","5.74","35.05","69.21","99.06","33.83","43.41"
"Cherilyn","Artie","San Marino","93.85","100.76","91.29","70.21","100.86","21.27"
"Lyssa","Zola","Macao","92.53","44.86","59.31","68.25","32.34","47.76"
"Adelle","Tice","Morocco","54.65","66.15","32.12","12.19","4.33","30.98"
"Evita","Arne","Philippines","1.13","82.92","62.3","60.19","77.86","16.66"
"Jasmina","Middleton","Honduras","26.92","42.79","75.12","36.03","17.58","30.44"
"Shel","Jorgan","Central African Republic","36.9","99.95","24.12","78.36","93.4","2.49"
"Alexine","Marsden","Thailand","56.09","56.27","54.7","79.34","84.55","97.04"
"Justinn","Noam","Cameroon","33.38","69.81","73.06","59.06","24.49","38.48"
"Lenna","Fillbert","RWANDA","20.1","2.78","29.72","13.78","88.02","28.25"
"Jacenta","Smitt","Nepal","20","65.15","64.07","19.9","32.1","47.27"
"Ulrike","Uund","Morocco","83.09","70.02","99.93","27.18","70.09","53.9"
"Amara","Mendez","Sri Lanka","98.31","67.24","52.07","15.68","72.24","97.96"
"Lisette","Zrike","India","51.21","33.49","40.38","37.47","1.91","18.87"
"Tybie","Pattin","Mauritius","56.62","48.87","47.38","68.1","41.64","75.96"
"Randa","Sandye","Cuba","16.81","16.24","58.83","51.39","27.81","29.18"
"Estell","Ariella","Cook Islands","55.74","63.63","69.26","98.28","71.65","15.53"
"Donnie","Rudolph","Estonia","69.01","30.33","93.62","32.92","96.78","55.28"
"Zondra","Skell","Germany","40.24","35.69","71.21","99.85","17.86","44"
"Ardeen","Paton","Tonga","33.26","11.21","65.81","23.06","49.64","44.13"
"Emmey","Claudine","Monaco","36.76","88.12","55.08","89.49","18.87","68.21"
"Ellette","Izaak","Gibraltar","1.62","58.57","18.41","84.3","99.27","30.92"
"Marylou","Loleta","Guernsey","13.57","69.11","79.48","96.73","45.66","79.51"
"Kerrin","Hartnett","Myanmar","72.93","75.91","20.13","85.21","80.38","94.42"
"Genevra","Gibbeon","Martinique","66.8","55.87","1.69","54.18","88.01","88.28"
"Mara","Gualtiero","Ireland","74.4","67.79","22.32","39.45","67.24","48.63"
"Bernie","Caitlin","Mali","78.59","9.92","47.58","30.28","26.37","73.49"
"Pearline","Primalia","Iraq","21.54","18.12","79.63","24.5","56.6","89.15"
"Anthia","Suk","Italy","72.18","83.35","74.72","82.57","26.21","64.14"
"Joceline","Halla","Latvia","61.7","46.01","72.39","65.85","22.38","84.21"
"Emmey","Ashely","Montserrat","89.7","20.52","13.59","81.55","44.72","87.43"
"Candi","Ader","Sri Lanka","69.57","41.63","63.7","93.84","16.45","60.38"
"Bernie","Bach","Cyprus","93.66","72.25","13.51","53.72","80.28","85.6"
"Tami","Charmine","Oman","27.34","26.85","42.07","82.29","43.41","38.99"
"Georgetta","Karna","Croatia","84.58","52.3","58.6","70.86","77.1","39.34"
"Willetta","Sinegold","Sudan","32.57","82.74","60.51","32.47","37","73.12"
"Nicoli","Wandie","Norfolk Island","32.75","69.63","37.24","62.74","96.19","51.98"
"Flory","Pip","Bosnia and Herzegovina","81.88","32.81","26.78","19.91","71.95","69.47"
"Nadine","Melony","Thailand","34.7","26.55","46.65","76.58","4.23","78.98"
"Hyacinthe","McCutcheon","Kyrgyzstan","39.6","6.12","96.38","98.09","70.67","74.94"
"Tracey","Stevy","Canada","20.61","69.88","20.57","47.53","91.54","46.13"
"Chickie","Masao","Tonga","70.94","63.44","90.82","13.74","4.44","95.86"
"Emilia","Philipp","Solomon Islands","22.51","32.35","39.89","62.56","77.17","59.39"
"Linet","Erskine","San Marino","55.44","82.52","9.56","90.47","33.43","11.08"
"Emelina","Prober","Ethiopia","60.1","58.45","33.81","63.69","82.16","17.55"
"Elyssa","Hoban","Aruba","21.86","64.81","62.58","14.32","57.9","35.61"
"Rhoda","Ardeha","Gambia","76.15","20.28","73.94","59.52","96.07","21.76"
"Tressa","Tarrant","Australia","60.62","37.65","26.29","32.38","87.2","76.17"
"Glynnis","Teryn","Trinidad and Tobago","81.84","11.08","74.64","52.02","57.06","88.96"
"Oona","Boycey","Antigua and Barbuda","71.48","25.62","1.68","59.81","50.71","56.22"
"Ilse","Killigrew","Costa Rica","57.22","51.38","75.1","38.86","19.47","76.2"
"Raquela","Tremayne","Indonesia","61.61","6.61","1.03","14.1","33.24","94.23"
"Leia","Parette","American Samoa","91.51","16.22","18.39","37.05","68.87","97.5"
"Aigneis","Moseley","Spain","6.96","9.7","73.65","80.89","18.2","13.66"
"Veda","Slifka","Costa Rica","30.12","91.34","32.01","24.85","65.4","68.28"
"Jenda","Toni","Fiji","73.92","33.47","31.52","27.06","42.8","96.31"
"Rosaline","Couture","Cayman Islands","51.78","66.16","40.76","57.94","33.46","100.48"
"Rani","Levey","Chad","63.39","70.01","50.82","53.8","93.76","96.18"
"Janis","Colp","Cameroon","15.85","34.77","18.17","74.51","74.23","84.23"
"Kalina","Koziara","Antarctica","97.32","58.61","8.04","18.91","34.24","33.93"
"Lenna","Melleta","Malaysia","21.83","24.39","78.89","5.71","45.7","65.32"
"Ketti","Ethban","French Southern Territories","76.31","80.36","22.33","7.63","52.8","99.64"
"Marita","Marsden","Sri Lanka","12.12","10.63","58.89","97.37","89.19","5.26"
"Jere","Lynn","Russian Federation","98.59","59.4","53.58","32.47","37.93","53.56"
"Natka","Hunfredo","Åland Islands","66.82","31.77","72.19","97.28","95.46","69.37"
"Ethel","Shelba","Guadeloupe","43.23","74.81","87.52","48.03","3.65","29.27"
"Teddie","Romelda","Mongolia","4.19","74.56","27.76","15.15","29.76","68.86"
"Lulita","Tjon","Kiribati","71.6","78.13","71.45","11.95","85.96","3.85"
"Augustine","Posner","Turkey","14.62","30.88","51.17","10.19","16.93","51.74"
"Tilly","Izaak","Åland Islands","11.81","47.67","16.48","32.28","82.88","61.61"
"Belva","Jorgan","Denmark","73.29","29.89","86.97","30.33","92.14","69.11"
"Renie","Sibyls","Brunei Darussalam","90","61.05","49.77","88.44","41.36","81.31"
"Loree","Pond","Togo","85.86","29.32","46.19","69.61","26.2","81.57"
"Tobe","Kalinda","Guyana","41.61","42.77","83.98","2.26","59.68","81.48"
"Verla","Weide","Mali","24.65","93.32","16.7","37.27","89.36","7.95"
"Ivett","Narton","Saint Helena","24.13","63.35","88.51","61.45","61.48","14.04"
"Cyndie","Docilla","Guam","33.09","79.48","87.84","94.88","96.24","28.83"
"Molli","Vale","Puerto Rico","12.99","22.37","58.36","24.81","20.63","28.78"
"Almeta","Ariella","Togo","98.46","42.12","80.76","71.34","29.51","64.81"
"Brietta","Malanie","Jordan","11.26","35.62","55.49","87.58","98.22","65.87"
"Nataline","Trey","Singapore","21.24","27.68","98.67","8.38","45.81","4.93"
"Corly","Corabella","Isle of Man","97.22","78.94","9.08","89.59","57.36","20.6"
"Constance","Dannye","Barbados","94.93","30.28","60.95","21.8","13.26","9.63"
"Tarra","Colleen","New Zealand","49.86","92.13","75.89","61.24","31","29.01"
"Karolina","Lilas","United Arab Emirates","75.63","68.2","86.07","27.47","7.36","45.13"
"Georgina","Roxanna","Guam","95.85","54.45","12.88","8.68","77.97","49.81"
"Lizzie","Cottle","Myanmar","36.01","91.69","40.36","65.99","77.09","57.61"
"Hildegaard","Constancy","Mauritius","86.79","89.6","86.52","35.55","85.97","68.75"
"Dianemarie","Bigner","Costa Rica","31.23","44.07","37.11","29.55","70.12","6.69"
"Ronna","Nore","Macao","44.41","63.94","46.05","4.21","88.08","59.65"
"Dennie","Shaddock","Cayman Islands","47.75","47.2","2.32","87.38","65.03","58.21"
"Mellicent","Daniele","Namibia","27.25","47.76","86.46","32.12","60.58","87.39"
"Delilah","Kress","Honduras","83.99","48.81","8.54","97.03","29.13","61.77"
"Sonni","Joseph","Croatia","90.73","56.57","57.27","93.26","77.28","68.57"
"Malina","LaRue","Kuwait","13.58","87.18","82.35","14.78","73.16","64.7"
"Adore","Lymann","Costa Rica","96.41","53.7","79.19","69.63","7.76","91.12"
"Daune","Orelee","Malta","73.43","95.34","41.03","72.93","90.05","38.1"
"Paule","Ambrosia","Macao","7.75","33.74","97.3","65.27","21.81","17.37"
"Etta","Stephie","Cuba","31.62","45.58","64.84","79.74","31.39","16.35"
"Modestia","Delp","Comoros","7.21","3.42","18.7","50.19","67.31","92.38"
"Harrietta","Tatianas","Bolivia","89.63","32.94","43.16","69.07","94.58","45.57"
"Lilith","Lory","Morocco","27.76","97.81","88.17","48.61","29.09","62.72"
"Tarra","Sundin","Algeria","82.21","61.85","55.69","27.97","36.07","37.28"
"Priscilla","Salvidor","Ghana","61.85","33.71","35.3","92.27","96.55","21.69"
"Bertine","Berl","Sweden","31.99","22.22","96.5","55.7","31.07","55.55"
"Gabriellia","Paine","Uzbekistan","97.39","86.13","31.12","49.28","44.61","50.17"
"Dagmar","Macey","Papua New Guinea","98.93","100.52","38.29","17.44","92.66","22.76"
"Tarra","Dannye","Trinidad and Tobago","32.89","96.74","98.91","56.18","25.01","55.15"
"Sharlene","Naor","Suriname","99.79","28.44","84.27","12.31","87.42","26.93"
"Linet","Rugen","Falkland Islands (Malvinas)","98.35","24.96","6.72","72.31","6.8","20.42"
"Pierette","Travax","Tajikistan","94.38","63.16","46","59.09","73.18","9.5"
"Lesly","Ellord","French Southern Territories","76.04","40.81","48.81","8.26","99.2","93.41"
"Jasmina","Gordon","Hungary","2.3","84.51","89.1","91.34","80.59","5.76"
"Roxane","Lowry","Tonga","64.11","70.94","20.75","40.7","84.49","11.07"
"Kayla","Cristi","Wallis and Futuna","66.55","69.11","43.12","66.23","8.43","27.91"
"Aimil","Schonfeld","Antigua and Barbuda","92.26","14.9","2.09","77.98","62.67","97.71"
"Stevana","Noam","Japan","24.19","84.16","100.71","68.47","23.67","40.96"
"Theodora","Caitlin","South Georgia and the South Sandwich Islands","37.93","87.23","86.88","31.01","16.44","70.3"
"Jenilee","Marden","Antarctica","6.27","98.92","65.6","49.35","11.37","58.24"
"Charmaine","Travax","Samoa","26.59","49.93","72.85","7.83","3.28","62.63"
"Dominga","Nester","Zimbabwe","22.34","20.05","36.01","56.02","61.59","46.38"
"Maurene","Earlie","Uruguay","97.98","31.17","55.12","62.51","71.54","43.3"
"Libbie","Weinreb","Kenya","85.94","80.31","70.19","5.74","81.1","24.1"
"Brana","Swanhildas","Turkey","49.43","87.93","12.13","2.16","88.74","8.88"
"Zondra","Horan","RWANDA","14.98","37.4","98.96","73.43","94.56","19.12"
"Sean","Jefferey","Guyana","73.53","5.7","92.9","29.55","80.22","91.51"
"Leia","Oriana","Guadeloupe","85.73","45.64","56.04","75.65","26.79","41.85"
"Natka","Dituri","Panama","76.01","15.19","48.37","11.99","42.53","65.9"
"Orsola","Granoff","Zambia","98.92","50.1","38.36","68.78","79.44","29.62"
"Aili","Graig","Tuvalu","11.78","30.58","59.07","50.14","16.73","30.05"
"Alia","Nahum","Estonia","85.29","80.99","73.32","83.37","45.2","11.54"
"Gaylene","Publia","Tonga","7.15","87.14","36.7","8.99","92.41","98.98"
"Peri","Lytton","Comoros","62.31","4.67","70.96","16.32","94.79","56.82"
"Tina","Kimmie","Guinea","30.23","66.97","77.53","96.95","12","27.08"
"Liana","Kaete","Niger","3.02","14.47","91.86","94.53","19.71","14.09"
"Rosene","Baudin","Senegal","27.34","91.06","86.76","15.16","50.76","66.19"
"Estell","Hailee","Canada","56.91","73.95","78.55","30.05","24.43","80.76"
"Allis","Sothena","Guinea","51.53","5.77","64.25","91.91","58.47","44.42"
"Nicoli","Dudley","Morocco","5.07","86.06","80.71","83.2","89.44","35.1"
"Verla","Berriman","Luxembourg","42.04","25.56","31.97","2.34","49.71","11.64"
"Vivia","Crudden","Gabon","49.9","26.96","55.67","100.07","97.69","65.07"
"Corene","Rosette","Myanmar","75.7","78.65","65.39","13","26.55","55.94"
"Carol-Jean","Wilona","Lesotho","27.64","2.29","92.66","40.35","69.95","37.73"
"Margette","Seligman","Benin","29.35","40.37","14.86","91.75","95.79","39.77"
"Tobe","Richers","Morocco","62.7","31.78","52.51","1.22","86.28","28.64"
"Kristan","Felecia","Samoa","33.9","31.24","33.26","49.72","67.06","22.55"
"Janey","Bow","French Guiana","48.59","9.18","59.89","41.42","85.01","45.01"
"Sharlene","Turne","Reunion","4.75","73.39","8.98","52.11","73.14","78.19"
"Gale","Berriman","Nepal","81.09","35.19","98.13","19.55","37.81","61.27"
"Demetris","Maiah","Belgium","15.96","9.13","11.58","85.37","93.94","29.32"
"Laure","Diogenes","Kiribati","25.19","30.43","16.12","35.11","13.77","30.27"
"Dorthy","Berne","Macao","48.94","8.94","39.3","11.9","79.06","27.74"
"Leeanne","Westphal","Bhutan","77.61","18.25","68.01","48.6","19.12","78.36"
"Clementine","Genna","Kuwait","7.39","36.18","50.45","59.32","25.08","95.91"
"Tomasina","Idelia","Bolivia","29.57","30.12","95.92","69.16","66.23","33.55"
"Yvonne","Mathilde","Burundi","18.53","75.31","79.16","47.47","69.73","58.43"
"Wynne","Faria","Barbados","52.1","58.7","17.73","91.09","20.98","7.24"
"Maye","Kolnick","Gambia","26.46","77.11","67.17","19.01","61.03","3.35"
"Hannis","Byrne","Chile","95.89","24.5","80.35","95.55","38.21","83.33"
"Delilah","Dermott","United Arab Emirates","58.3","40.47","74.4","70.58","75.24","94.67"
"Benita","Nicoline","Morocco","75.38","77.51","57.82","79.77","47.98","67.98"
"Johna","Means","Gambia","65.88","58.66","73.52","13.19","94.66","47.34"
"Christal","Duwalt","Norfolk Island","2.08","38.16","63.67","9.23","54.3","17.43"
"Wendi","Laurianne","Morocco","73.02","87.78","10.58","30.54","82.1","96.55"
"Fernande","Kenney","Chile","9.6","66.9","67.63","43.73","92.79","5.15"
"Bertine","Garrison","Puerto Rico","66.16","84.41","74.71","30.32","73","83.13"
"Mallory","Mullane","Burundi","36.79","80.72","89.7","97.47","34.63","100.88"
"Violet","Blase","Equatorial Guinea","1.22","55.82","5.59","37.34","43.48","51.43"
"Kelly","Sadowski","Canada","99.95","24.4","74.99","13.98","97.08","67.32"
"Rori","Teddman","French Southern Territories","44.9","54.35","35.09","72.77","54.88","29.36"
"Sam","Loleta","Niue","18.97","90.84","80.89","55.89","31.28","70.62"
"Cassondra","Ursulette","British Indian Ocean Territory","94.33","17.4","46.84","3.56","38.87","31.03"
"Basia","Prouty","Zimbabwe","69.26","78.14","87.82","73.76","42.02","39.81"
"Nessie","Berriman","Honduras","61.99","59.34","3.86","25.09","35.42","13.02"
"Regina","Cleo","Taiwan, Province of China","26.37","4.11","75.23","59.72","6.75","19.85"
"Goldie","Halsey","Norfolk Island","50.24","48.95","35.65","68.73","33.3","16.33"
"Fredericka","Ellord","Netherlands Antilles","73.24","67.45","77.56","95.43","14.54","38.11"
"Cassandra","Mozelle","Virgin Islands, British","24.45","64.16","40.11","14.57","18.11","22.74"
"Sharlene","Mehalek","Isle of Man","65.89","78.57","94.99","98.49","73.12","62.52"
"Verla","Huggins","United States Minor Outlying Islands","88.5","35.61","29.36","52.53","79.61","79.65"
"Claudina","Palocz","American Samoa","88.19","36.63","10.62","85.25","4.83","26.28"
"Ingrid","Blase","Australia","18.61","87.07","57.98","88.82","17.61","25.24"
"Karolina","Goldina","Canada","1.17","72.69","32.85","80.5","63.36","66.27"
"Chloris","Duwalt","Lebanon","60.24","16.67","14.65","75.49","68.29","51.77"
"Adelle","Shelba","South Georgia and the South Sandwich Islands","54.73","8.53","89.42","4.95","98.92","19.47"
"Nanete","Bach","Nigeria","62.42","24.42","94.86","14.96","3.62","28.45"
"Ilse","Silvan","French Polynesia","93.85","88.04","66.79","36.4","24.04","12.72"
"Sadie","Lory","Guyana","43.27","12.27","11.29","15.58","74.49","61.9"
"Sashenka","Yoko","Falkland Islands (Malvinas)","9.44","41.6","81.31","98.85","58.13","57.1"
"Dotty","Francene","Malawi","21.35","21.91","96.2","13.63","95.79","4.32"
"Daphne","Garrison","Suriname","53.94","23.79","60.7","51.42","53.73","90.72"
"Yolane","Fennessy","Liechtenstein","75.47","6.3","11.37","80.05","69.25","82.19"
"Agnese","Mayeda","Central African Republic","83.99","69.71","53.47","78.7","61.31","62.03"
"Darlleen","Gino","Korea, Democratic People""S Republic of","67.16","18.37","81.32","89.84","21.01","56.57"
"Madeleine","Bohlin","Norfolk Island","63.73","88.57","6.78","35.77","69.76","7.69"
"Lauryn","Kelula","Christmas Island","22.44","29.03","54.29","37.59","36.11","12.55"
"Neila","Malina","Togo","67.89","35.28","90.75","61.92","27.83","43.24"
"Halette","Bohlin","Lesotho","11.54","83.88","92.49","98.48","38.64","87.78"
"Carmencita","Cutlerr","Mauritius","24.29","48.26","18.63","81.96","47.82","15.6"
"Konstance","Marisa","Tokelau","1.38","86.82","55.14","8.71","60.58","40.49"
"Gilligan","Huggins","Burundi","11.56","57.14","69.68","36.73","96.47","54.87"
"Magdalena","Zaslow","Myanmar","80.56","61.66","12.4","13.51","45.44","36.47"
"Ilse","Raychel","Slovakia","85.6","63.64","12.47","71.24","50.5","83.88"
"Ruthe","Ciapas","Argentina","92.14","62.33","68.84","55.38","1.05","16.88"
"Debee","Melleta","Solomon Islands","46.46","22.22","86.9","54.68","5.01","61.85"
"Regina","Auberbach","Ukraine","12.37","71.14","72.52","93.4","82.82","92.78"
"Cristabel","Kellby","Mozambique","78.32","43.06","100.87","47.23","91.16","36.22"
"Helena","Sandye","Micronesia, Federated States of","85.08","96.76","30.82","28.59","4.57","93.39"
"Hallie","Chobot","Belarus","34.05","31.82","95.7","1.36","70.35","65.35"
"Heida","Trinetta","Ghana","91.11","18.42","34.14","54.58","9.74","57.19"
"Danny","Engdahl","Nauru","92.63","48.8","25.8","73.8","36.96","69.99"
"Gwyneth","Barrus","Haiti","12.24","66.21","4.43","9.68","30.21","14.63"
"Katharina","Alabaster","Uruguay","84.86","12.47","56.63","99.88","6.52","93.53"
"Annora","Tillford","Czech Republic","15.24","64.6","56.66","99.31","32.21","51.83"
"Mariele","Rocray","Lithuania","57.18","19.1","59.74","73.95","44.68","89.33"
"Tamqrah","Natalia","Chile","1.76","8.86","75.06","46.64","62.81","87.79"
"Ursulina","Heidt","Panama","80.62","57.14","34.07","67.48","18.48","37.03"
"Evita","Nadia","Ireland","31.79","80.38","96.06","23.39","40.92","10.71"
"Trixi","Chandler","Slovenia","65.18","82.42","45.77","37.32","70.19","68.21"
"Sadie","Joni","Central African Republic","8.23","84.17","97.22","67.32","88.58","48.36"
"Nelle","Afton","Indonesia","2.69","89.44","42.13","43.74","28.08","83.44"
"Darci","Munn","Falkland Islands (Malvinas)","56.86","100.92","61.21","8.62","68.34","10.91"
"Helena","Wind","Cuba","91.51","45.62","93.82","53.29","22.94","56.63"
"Veda","Morgun","Lesotho","26.97","50.43","66.87","64.24","32.52","69.3"
"Arabel","Lunsford","Northern Mariana Islands","15.68","36.48","17.51","17.05","4.63","76.71"
"Maridel","Bigner","Guyana","100.16","35.72","69.8","3.61","96.3","63.06"
"Lucille","Bouchard","Dominican Republic","53.83","26.2","67.1","15.97","93.15","27.36"
"Doro","Erlandson","Bouvet Island","90.39","20.7","40.18","79.57","40.67","78.24"
"Therine","Maryanne","Holy See (Vatican City State)","1.98","86.35","32.25","52.26","83.76","43.63"
"Mariele","Montgomery","Iraq","49.04","49.17","32.11","20.76","97.39","14.83"
"Esmeralda","Halsey","Honduras","75.19","6.26","15.41","32.1","58.98","83.54"
"Kathy","Mallon","Samoa","7.26","85.77","87.61","31.3","79.56","22.8"
"Dale","Judye","Brazil","64.45","77.82","25.61","59.56","91.34","14.16"
"Merci","Nelsen","Virgin Islands, British","52.48","30.65","20.7","4.11","38.74","72.32"
"Mallory","Lissi","Anguilla","55.74","32.27","55.2","8.63","90.95","72.66"
"Rosene","Shaddock","Niue","27.56","33.65","12.23","87.33","65.82","4.59"
"Cathie","Abram","Equatorial Guinea","52.74","91.02","49.97","54.25","31.85","18.45"
"Rosabelle","Aaberg","Uruguay","66.88","76.52","26.52","90.14","99.8","24.42"
"Lenna","Bendick","Monaco","70.95","60.6","62.76","59.22","74.73","64.68"
"Eve","Lewes","Bahamas","33.07","7.5","80.58","27.1","68.69","71.03"
"Bernardine","Christal","Ireland","28.89","78.08","6.04","9.48","22.76","87.54"
"Yolane","Reneta","Uzbekistan","33.25","4.27","87.34","24.25","29.68","60.63"
"Oona","Kiersten","Peru","18.24","33.4","78.59","43.1","10.97","50.69"
"Max","Marisa","China","96.7","59.51","96.32","36.36","15.75","89.14"
"Eadie","Lory","Ecuador","84.31","5.22","62.93","69.19","42.04","30.06"
"Aurore","Artie","Congo, The Democratic Republic of the","67.02","1.98","39.33","4.86","76.6","73.33"
"Leia","Rad","AndorrA","45.57","97.27","2.4","10.1","95.25","10.07"
"Sashenka","Buffum","Mongolia","20.55","2.95","78.06","27.67","77.81","59.85"
"Carmencita","Aprile","Luxembourg","46.69","100.17","73.56","25.34","48.98","86.06"
"Goldie","Berne","Bulgaria","77.88","44.14","60.77","66.18","88.95","1.1"
"Jennica","Ader","United States Minor Outlying Islands","51.53","3.3","19.6","66.34","100.67","17.52"
"Malina","Primalia","Belgium","9.19","59.45","100.41","43.34","1.52","41.16"
"Ursulina","Tomasina","Mayotte","81.18","91.27","45.69","1.09","46.48","51.57"
"Nicoli","Peg","Maldives","26.77","97.19","24.05","38.99","14.36","21.54"
"Dorice","Dex","Greenland","80.94","27.68","76.99","29.18","62.63","61.29"
"Ebonee","August","Sierra Leone","81.77","72.27","20.07","55.53","58.16","25.79"
"Priscilla","Belanger","Saint Lucia","62.85","75.31","54.5","37.35","52.09","70.92"
"Livvyy","Tengdin","Azerbaijan","12.84","21.19","61.88","88.16","74.59","12.27"
"Fernande","Knowling","Brunei Darussalam","6.12","44.55","42.08","91.3","58.3","69.61"
"Allis","Suk","Samoa","76.8","64.76","93.95","27.11","33.63","4.23"
